{"stats":{"minecraft:mined":{"minecraft:yellow_wool":3,"minecraft:grass":85,"minecraft:oak_log":27,"minecraft:coal_ore":32,"minecraft:grass_block":140,"minecraft:potatoes":10,"minecraft:vine":2,"minecraft:dirt":1,"minecraft:tall_grass":6,"minecraft:copper_ore":6,"minecraft:cobblestone":2,"minecraft:stone":36,"minecraft:white_wool":1,"minecraft:oak_leaves":31,"minecraft:wall_torch":1},"minecraft:custom":{"minecraft:time_since_rest":2874,"minecraft:interact_with_smithing_table":1,"minecraft:interact_with_furnace":13,"minecraft:sprint_one_cm":51676,"minecraft:damage_taken":925,"minecraft:walk_one_cm":236904,"minecraft:mob_kills":2,"minecraft:drop":1,"minecraft:damage_dealt":417,"minecraft:traded_with_villager":1,"minecraft:talked_to_villager":8,"minecraft:interact_with_crafting_table":12,"minecraft:fly_one_cm":11563,"minecraft:open_chest":4,"minecraft:play_time":49482,"minecraft:deaths":2,"minecraft:walk_under_water_one_cm":2091,"minecraft:jump":250,"minecraft:leave_game":1,"minecraft:walk_on_water_one_cm":7373,"minecraft:time_since_death":2802,"minecraft:sleep_in_bed":2,"minecraft:climb_one_cm":410,"minecraft:total_world_time":49482,"minecraft:fall_one_cm":4086},"minecraft:broken":{"minecraft:stone_shovel":1,"minecraft:wooden_pickaxe":1},"minecraft:picked_up":{"minecraft:stick":8,"minecraft:yellow_wool":3,"minecraft:dandelion":1,"minecraft:torch":3,"minecraft:poisonous_potato":1,"minecraft:potato":30,"minecraft:oak_log":27,"minecraft:spider_eye":1,"minecraft:dirt":137,"minecraft:raw_copper":14,"minecraft:rotten_flesh":2,"minecraft:wheat_seeds":17,"minecraft:poppy":2,"minecraft:oak_sapling":4,"minecraft:coal":32,"minecraft:white_wool":1,"minecraft:cobblestone":38},"minecraft:killed":{"minecraft:zombie_villager":1,"minecraft:spider":1},"minecraft:dropped":{"minecraft:poisonous_potato":1},"minecraft:used":{"minecraft:wooden_hoe":12,"minecraft:stone_sword":41,"minecraft:stone_shovel":140,"minecraft:bread":5,"minecraft:stone_pickaxe":18,"minecraft:baked_potato":2,"minecraft:wooden_pickaxe":59,"minecraft:rotten_flesh":1,"minecraft:stone_axe":23,"minecraft:torch":12,"minecraft:dirt":10,"minecraft:cobblestone":3,"minecraft:crafting_table":3,"minecraft:oak_sapling":4,"minecraft:yellow_bed":1,"minecraft:potato":28},"minecraft:crafted":{"minecraft:oak_planks":108,"minecraft:stone_shovel":1,"minecraft:emerald":1,"minecraft:wooden_hoe":1,"minecraft:crafting_table":3,"minecraft:stick":52,"minecraft:wooden_pickaxe":1,"minecraft:baked_potato":20,"minecraft:stone_pickaxe":2,"minecraft:stone_sword":1,"minecraft:yellow_bed":1,"minecraft:torch":16,"minecraft:stone_axe":1},"minecraft:killed_by":{"midnightlurker:midnight_lurker_backturned":1,"minecraft:zombie":1}},"DataVersion":3465}