{"stats":{"minecraft:custom":{"minecraft:interact_with_anvil":2,"minecraft:mob_kills":53,"minecraft:interact_with_crafting_table":85,"minecraft:leave_game":3,"minecraft:time_since_death":2588,"minecraft:climb_one_cm":12,"minecraft:sprint_one_cm":437358,"minecraft:walk_one_cm":1239495,"minecraft:drop":84,"minecraft:talked_to_villager":6,"minecraft:play_time":364362,"minecraft:deaths":9,"minecraft:sneak_time":29718,"minecraft:walk_under_water_one_cm":59713,"minecraft:boat_one_cm":516940,"minecraft:jump":2413,"minecraft:interact_with_blast_furnace":1,"minecraft:walk_on_water_one_cm":35935,"minecraft:total_world_time":364362,"minecraft:interact_with_furnace":26,"minecraft:sleep_in_bed":13,"minecraft:time_since_rest":2616,"minecraft:damage_taken":5144,"minecraft:damage_dealt":16171,"minecraft:swim_one_cm":80481,"minecraft:fly_one_cm":391995,"minecraft:open_chest":68,"minecraft:crouch_one_cm":130334,"minecraft:fall_one_cm":55057},"minecraft:mined":{"minecraft:tuff":44,"minecraft:white_bed":12,"minecraft:deepslate_diamond_ore":5,"minecraft:carved_pumpkin":2,"minecraft:granite":22,"minecraft:grass_block":782,"minecraft:composter":1,"minecraft:red_mushroom":1,"minecraft:hay_block":68,"minecraft:magma_block":4,"minecraft:redstone_ore":2,"minecraft:oak_trapdoor":2,"minecraft:furnace":4,"minecraft:carrots":34,"minecraft:fire":26,"minecraft:iron_ore":13,"minecraft:snow":863,"minecraft:andesite":14,"minecraft:pumpkin":2,"minecraft:deepslate_lapis_ore":4,"minecraft:potatoes":33,"minecraft:vine":8,"minecraft:deepslate_iron_ore":22,"minecraft:dirt_path":19,"minecraft:rail":72,"minecraft:stone":726,"minecraft:white_wool":9,"minecraft:oak_slab":10,"minecraft:snow_block":8,"minecraft:powder_snow":8,"minecraft:crafting_table":16,"minecraft:torch":6,"minecraft:blast_furnace":1,"minecraft:chest":3,"minecraft:glass":1,"minecraft:tall_grass":12,"minecraft:copper_ore":8,"minecraft:cobblestone":60,"minecraft:deepslate_coal_ore":1,"minecraft:grindstone":1,"minecraft:sugar_cane":16,"minecraft:oak_planks":41,"minecraft:bricks":1,"minecraft:diorite":89,"minecraft:wall_torch":8,"minecraft:cobblestone_wall":5,"minecraft:yellow_wool":9,"minecraft:wheat":59,"minecraft:ice":2,"minecraft:yellow_bed":9,"minecraft:grass":86,"minecraft:oak_log":105,"minecraft:coal_ore":78,"minecraft:beetroots":1,"minecraft:gravel":9,"minecraft:sand":23,"minecraft:dirt":607,"minecraft:cobweb":6,"minecraft:oak_leaves":80,"minecraft:deepslate":92,"minecraft:infested_stone":1},"minecraft:broken":{"minecraft:iron_shovel":1,"minecraft:golden_shovel":1,"minecraft:stone_hoe":1,"minecraft:stone_pickaxe":9,"minecraft:stone_axe":1,"minecraft:stone_shovel":16},"minecraft:picked_up":{"minecraft:crafting_table":15,"minecraft:yellow_wool":9,"minecraft:cornflower":3,"minecraft:string":9,"minecraft:raw_copper":28,"minecraft:cobbled_deepslate":81,"minecraft:oak_boat":26,"minecraft:iron_pickaxe":1,"minecraft:poppy":8,"minecraft:sugar_cane":24,"minecraft:chest":3,"minecraft:furnace":4,"minecraft:egg":1,"minecraft:stick":4,"minecraft:raw_iron":35,"minecraft:composter":1,"minecraft:torch":19,"minecraft:snow_block":38,"minecraft:diorite":89,"minecraft:carrot":112,"minecraft:redstone":11,"minecraft:rotten_flesh":23,"minecraft:arrow":4,"minecraft:beetroot_seeds":1,"minecraft:hay_block":68,"minecraft:carved_pumpkin":2,"minecraft:cobblestone":828,"minecraft:rail":72,"minecraft:snowball":894,"minecraft:white_wool":9,"minecraft:oxeye_daisy":1,"minecraft:magma_block":4,"minecraft:andesite":14,"minecraft:red_mushroom":1,"minecraft:potato":77,"minecraft:tuff":74,"minecraft:oak_log":105,"minecraft:yellow_bed":8,"minecraft:cobblestone_wall":5,"minecraft:lapis_lazuli":22,"minecraft:dirt":1842,"minecraft:bone":6,"minecraft:wheat_seeds":138,"minecraft:stone_pickaxe":1,"minecraft:grindstone":1,"minecraft:iron_ingot":27,"endermanoverhaul:warped_forest_enderman_spawn_egg":1,"minecraft:oak_planks":47,"minecraft:oak_slab":9,"minecraft:pumpkin":4,"minecraft:dandelion":5,"minecraft:gravel":9,"minecraft:poisonous_potato":2,"minecraft:sand":23,"minecraft:blast_furnace":1,"minecraft:white_bed":9,"minecraft:pumpkin_seeds":8,"minecraft:diamond":5,"minecraft:granite":22,"minecraft:bone_meal":1,"minecraft:oak_sapling":21,"minecraft:coal":79,"minecraft:bricks":1},"minecraft:killed":{"minecraft:witch":1,"minecraft:spider":3,"endermanoverhaul:swamp_enderman":1,"minecraft:skeleton":6,"minecraft:drowned":1,"minecraft:snow_golem":1,"minecraft:zombie_villager":2,"minecraft:iron_golem":6,"minecraft:creeper":2,"minecraft:zombie":19,"minecraft:villager":11},"minecraft:dropped":{"minecraft:stone_hoe":1,"minecraft:iron_ingot":1,"minecraft:bread":64,"minecraft:iron_sword":1,"minecraft:oak_slab":4,"minecraft:wheat_seeds":93,"minecraft:dripstone_block":1,"minecraft:poisonous_potato":2,"minecraft:iron_helmet":1,"minecraft:granite":18,"minecraft:red_mushroom":1,"minecraft:stick":5,"minecraft:oxeye_daisy":1,"minecraft:diorite":63,"minecraft:torch":4,"minecraft:cornflower":3,"minecraft:snowball":7,"minecraft:iron_leggings":1,"minecraft:iron_pickaxe":1,"minecraft:string":9,"minecraft:redstone":2,"minecraft:dandelion":5,"minecraft:gravel":4,"minecraft:bricks":1,"minecraft:stone_axe":1,"minecraft:oak_trapdoor":1,"minecraft:rotten_flesh":21,"minecraft:iron_boots":1,"minecraft:oak_sign":3,"minecraft:pumpkin_seeds":8,"minecraft:poppy":23,"minecraft:potato":4,"minecraft:iron_chestplate":1,"minecraft:beetroot_seeds":1,"minecraft:oak_sapling":8,"minecraft:arrow":4,"minecraft:wooden_pickaxe":1,"minecraft:stone_pickaxe":2,"minecraft:magma_block":4},"minecraft:used":{"minecraft:oak_trapdoor":6,"minecraft:iron_shovel":351,"minecraft:carved_pumpkin":2,"minecraft:stone_shovel":2150,"endermanoverhaul:warped_forest_enderman_spawn_egg":1,"minecraft:oak_sign":9,"minecraft:chest":7,"minecraft:iron_sword":300,"minecraft:zombie_spawn_egg":7,"minecraft:stone_hoe":156,"minecraft:oak_door":1,"minecraft:torch":29,"minecraft:dirt":1080,"minecraft:anvil":1,"minecraft:hopper":1,"minecraft:cobblestone_wall":52,"minecraft:carrot":72,"minecraft:golden_shovel":32,"minecraft:oak_fence_gate":1,"minecraft:glass":23,"minecraft:lava_bucket":2,"minecraft:iron_axe":48,"minecraft:barrel":3,"minecraft:oak_sapling":13,"minecraft:furnace":5,"minecraft:egg":1,"minecraft:potato":29,"minecraft:cobbled_deepslate":6,"minecraft:pumpkin":4,"minecraft:wheat_seeds":30,"minecraft:water_bucket":77,"minecraft:diorite":3,"minecraft:snow_block":140,"minecraft:stone_pickaxe":1194,"minecraft:oak_planks":67,"minecraft:wooden_pickaxe":3,"minecraft:composter":2,"minecraft:cobblestone_slab":11,"minecraft:sugar_cane":24,"minecraft:oak_slab":170,"minecraft:crafting_table":18,"minecraft:white_bed":8,"minecraft:shears":2,"minecraft:bread":73,"minecraft:iron_pickaxe":102,"minecraft:oak_button":6,"minecraft:stone_axe":197,"minecraft:cobblestone":232,"minecraft:bucket":81,"minecraft:yellow_bed":8,"minecraft:oak_boat":27,"minecraft:bone_meal":19},"minecraft:crafted":{"minecraft:oak_door":3,"minecraft:oak_planks":312,"minecraft:cobblestone_slab":24,"minecraft:stone_shovel":16,"minecraft:barrel":3,"minecraft:oak_sign":12,"minecraft:furnace":1,"minecraft:bone_meal":18,"minecraft:oak_trapdoor":8,"minecraft:glass":23,"minecraft:hopper":1,"minecraft:iron_boots":1,"minecraft:iron_axe":1,"minecraft:stone_pickaxe":10,"minecraft:cobblestone_wall":60,"minecraft:chest":5,"minecraft:oak_button":6,"minecraft:stone_hoe":2,"minecraft:wheat":612,"minecraft:oak_slab":192,"minecraft:crafting_table":4,"minecraft:iron_helmet":2,"minecraft:wooden_pickaxe":1,"minecraft:iron_sword":1,"minecraft:copper_ingot":28,"minecraft:golden_shovel":1,"minecraft:bucket":2,"minecraft:stone_axe":2,"minecraft:bread":204,"minecraft:air":0,"minecraft:oak_fence_gate":1,"minecraft:oak_boat":2,"minecraft:iron_chestplate":2,"minecraft:shield":1,"minecraft:stick":88,"minecraft:iron_ingot":29,"minecraft:iron_pickaxe":1,"minecraft:iron_block":3,"minecraft:snow_block":221,"minecraft:iron_shovel":2,"minecraft:iron_leggings":1,"minecraft:anvil":1,"minecraft:composter":1,"minecraft:torch":16,"minecraft:shears":1},"minecraft:killed_by":{"minecraft:iron_golem":2,"minecraft:skeleton":2,"minecraft:zombie":2}},"DataVersion":3465}