{"stats":{"minecraft:dropped":{"minecraft:bread":64,"minecraft:wheat_seeds":84,"minecraft:poisonous_potato":1,"minecraft:red_mushroom":1,"minecraft:stick":3,"minecraft:diorite":9,"minecraft:torch":4,"minecraft:snowball":4,"minecraft:iron_leggings":1,"minecraft:string":5,"minecraft:dandelion":1,"minecraft:bricks":1,"minecraft:rotten_flesh":12,"minecraft:poppy":3,"minecraft:beetroot_seeds":1,"minecraft:oak_sapling":2,"minecraft:stone_pickaxe":1,"minecraft:wooden_pickaxe":1},"minecraft:killed":{"minecraft:spider":1,"endermanoverhaul:swamp_enderman":1,"minecraft:skeleton":4,"minecraft:snow_golem":1,"minecraft:zombie_villager":2,"minecraft:iron_golem":1,"minecraft:creeper":2,"minecraft:zombie":13,"minecraft:villager":8},"minecraft:mined":{"minecraft:tuff":2,"minecraft:white_bed":10,"minecraft:carved_pumpkin":2,"minecraft:grass_block":517,"minecraft:composter":1,"minecraft:red_mushroom":1,"minecraft:hay_block":68,"minecraft:furnace":4,"minecraft:carrots":34,"minecraft:iron_ore":8,"minecraft:snow":158,"minecraft:pumpkin":2,"minecraft:deepslate_lapis_ore":4,"minecraft:potatoes":21,"minecraft:dirt_path":4,"minecraft:vine":5,"minecraft:deepslate_iron_ore":21,"minecraft:rail":69,"minecraft:stone":191,"minecraft:white_wool":9,"minecraft:oak_slab":7,"minecraft:snow_block":7,"minecraft:powder_snow":8,"minecraft:crafting_table":7,"minecraft:blast_furnace":1,"minecraft:chest":2,"minecraft:cobblestone":45,"minecraft:tall_grass":9,"minecraft:copper_ore":8,"minecraft:grindstone":1,"minecraft:oak_planks":41,"minecraft:sugar_cane":16,"minecraft:bricks":1,"minecraft:diorite":12,"minecraft:wall_torch":1,"minecraft:cobblestone_wall":5,"minecraft:yellow_wool":9,"minecraft:wheat":59,"minecraft:ice":2,"minecraft:yellow_bed":9,"minecraft:grass":73,"minecraft:coal_ore":54,"minecraft:oak_log":60,"minecraft:beetroots":1,"minecraft:dirt":153,"minecraft:sand":23,"minecraft:cobweb":6,"minecraft:oak_leaves":19,"minecraft:deepslate":9},"minecraft:killed_by":{"minecraft:skeleton":1},"minecraft:broken":{"minecraft:golden_shovel":1,"minecraft:stone_hoe":1,"minecraft:stone_pickaxe":3,"minecraft:stone_axe":1,"minecraft:stone_shovel":6},"minecraft:picked_up":{"minecraft:crafting_table":6,"minecraft:yellow_wool":9,"minecraft:string":5,"minecraft:raw_copper":28,"minecraft:cobbled_deepslate":8,"minecraft:oak_boat":13,"minecraft:poppy":3,"minecraft:sugar_cane":24,"minecraft:chest":2,"minecraft:furnace":4,"minecraft:egg":1,"minecraft:stick":1,"minecraft:raw_iron":29,"minecraft:composter":1,"minecraft:torch":5,"minecraft:snow_block":38,"minecraft:diorite":11,"minecraft:carrot":74,"minecraft:arrow":3,"minecraft:rotten_flesh":14,"minecraft:beetroot_seeds":1,"minecraft:hay_block":68,"minecraft:carved_pumpkin":2,"minecraft:white_wool":9,"minecraft:snowball":185,"minecraft:rail":69,"minecraft:cobblestone":227,"minecraft:red_mushroom":1,"minecraft:potato":61,"minecraft:oak_log":60,"minecraft:cobblestone_wall":5,"minecraft:yellow_bed":8,"minecraft:lapis_lazuli":22,"minecraft:dirt":653,"minecraft:bone":4,"minecraft:wheat_seeds":129,"minecraft:grindstone":1,"minecraft:iron_ingot":5,"minecraft:stone_pickaxe":1,"endermanoverhaul:warped_forest_enderman_spawn_egg":1,"minecraft:oak_planks":39,"minecraft:oak_slab":6,"minecraft:pumpkin":4,"minecraft:dandelion":2,"minecraft:poisonous_potato":2,"minecraft:sand":23,"minecraft:blast_furnace":1,"minecraft:white_bed":9,"minecraft:pumpkin_seeds":8,"minecraft:bone_meal":1,"minecraft:oak_sapling":4,"minecraft:coal":54,"minecraft:bricks":1},"minecraft:crafted":{"minecraft:oak_door":3,"minecraft:oak_planks":228,"minecraft:cobblestone_slab":24,"minecraft:stone_shovel":7,"minecraft:furnace":1,"minecraft:bone_meal":12,"minecraft:oak_trapdoor":4,"minecraft:glass":23,"minecraft:stone_pickaxe":4,"minecraft:cobblestone_wall":42,"minecraft:chest":1,"minecraft:stone_hoe":2,"minecraft:wheat":612,"minecraft:oak_slab":180,"minecraft:crafting_table":3,"minecraft:wooden_pickaxe":1,"minecraft:copper_ingot":28,"minecraft:golden_shovel":1,"minecraft:bucket":2,"minecraft:stone_axe":2,"minecraft:bread":204,"minecraft:air":0,"minecraft:oak_fence_gate":1,"minecraft:oak_boat":1,"minecraft:stick":44,"minecraft:iron_ingot":29,"minecraft:snow_block":45,"minecraft:iron_leggings":1,"minecraft:composter":1,"minecraft:torch":16,"minecraft:shears":1},"minecraft:used":{"minecraft:oak_trapdoor":4,"minecraft:carved_pumpkin":2,"minecraft:stone_shovel":868,"endermanoverhaul:warped_forest_enderman_spawn_egg":1,"minecraft:chest":3,"minecraft:iron_sword":153,"minecraft:stone_hoe":142,"minecraft:oak_door":1,"minecraft:torch":17,"minecraft:dirt":636,"minecraft:cobblestone_wall":39,"minecraft:carrot":72,"minecraft:golden_shovel":32,"minecraft:oak_fence_gate":1,"minecraft:glass":23,"minecraft:oak_sapling":2,"minecraft:furnace":5,"minecraft:egg":1,"minecraft:potato":16,"minecraft:cobbled_deepslate":6,"minecraft:pumpkin":4,"minecraft:wheat_seeds":30,"minecraft:water_bucket":24,"minecraft:diorite":2,"minecraft:snow_block":57,"minecraft:stone_pickaxe":441,"minecraft:oak_planks":67,"minecraft:wooden_pickaxe":3,"minecraft:composter":2,"minecraft:sugar_cane":24,"minecraft:cobblestone_slab":11,"minecraft:oak_slab":162,"minecraft:crafting_table":9,"minecraft:white_bed":6,"minecraft:shears":2,"minecraft:bread":41,"minecraft:stone_axe":161,"minecraft:cobblestone":124,"minecraft:bucket":26,"minecraft:yellow_bed":6,"minecraft:oak_boat":13,"minecraft:bone_meal":13},"minecraft:custom":{"minecraft:mob_kills":33,"minecraft:interact_with_crafting_table":53,"minecraft:leave_game":2,"minecraft:time_since_death":37849,"minecraft:climb_one_cm":12,"minecraft:sprint_one_cm":219692,"minecraft:walk_one_cm":684755,"minecraft:drop":38,"minecraft:talked_to_villager":5,"minecraft:play_time":190714,"minecraft:deaths":2,"minecraft:sneak_time":20654,"minecraft:walk_under_water_one_cm":11694,"minecraft:boat_one_cm":338146,"minecraft:jump":1274,"minecraft:interact_with_blast_furnace":1,"minecraft:walk_on_water_one_cm":18786,"minecraft:total_world_time":190714,"minecraft:interact_with_furnace":26,"minecraft:sleep_in_bed":8,"minecraft:time_since_rest":10091,"minecraft:damage_taken":2139,"minecraft:damage_dealt":7453,"minecraft:swim_one_cm":30299,"minecraft:fly_one_cm":212097,"minecraft:open_chest":33,"minecraft:crouch_one_cm":90511,"minecraft:fall_one_cm":26976}},"DataVersion":3465}