{"stats":{"minecraft:dropped":{"minecraft:snow_block":38,"minecraft:tuff":6,"minecraft:rotten_flesh":8,"endermanoverhaul:warped_forest_enderman_spawn_egg":1,"minecraft:dirt":16,"minecraft:diorite":1,"minecraft:cornflower":2,"minecraft:andesite":1,"minecraft:oak_sapling":2,"minecraft:pumpkin":3,"minecraft:wooden_pickaxe":1,"minecraft:stone_pickaxe":1},"minecraft:killed":{"minecraft:spider":1,"minecraft:skeleton":2,"minecraft:zombie":1,"minecraft:villager":3},"minecraft:mined":{"minecraft:diamond_ore":1,"minecraft:tuff":5,"minecraft:white_bed":6,"minecraft:glass_pane":1,"minecraft:deepslate_diamond_ore":6,"minecraft:snow_block":3,"minecraft:cornflower":1,"minecraft:crafting_table":8,"minecraft:torch":2,"minecraft:grass_block":1207,"minecraft:tall_grass":7,"minecraft:cobblestone":3,"minecraft:wall_torch":1,"minecraft:furnace":1,"minecraft:iron_ore":8,"minecraft:snow":148,"minecraft:cobbled_deepslate":1,"minecraft:andesite":1,"minecraft:pumpkin":7,"minecraft:yellow_bed":1,"minecraft:grass":98,"minecraft:coal_ore":24,"minecraft:oak_log":23,"minecraft:vine":1,"minecraft:deepslate_iron_ore":20,"minecraft:dirt":58,"minecraft:cobweb":1,"minecraft:stone":50,"minecraft:oak_leaves":35,"minecraft:deepslate":35},"minecraft:killed_by":{"endermanoverhaul:swamp_enderman":1,"minecraft:skeleton":2,"minecraft:spider":1},"minecraft:broken":{"minecraft:iron_shovel":1},"minecraft:picked_up":{"minecraft:crafting_table":8,"minecraft:andesite":1,"minecraft:tuff":7,"minecraft:oak_log":21,"minecraft:yellow_bed":1,"minecraft:cornflower":4,"minecraft:dirt":1143,"minecraft:string":7,"minecraft:iron_leggings":1,"minecraft:bone":1,"minecraft:apple":1,"minecraft:wheat_seeds":42,"minecraft:cobbled_deepslate":27,"minecraft:stone_pickaxe":1,"minecraft:oak_planks":15,"minecraft:furnace":1,"minecraft:stick":1,"minecraft:raw_iron":28,"minecraft:pumpkin":8,"minecraft:torch":3,"minecraft:dandelion":3,"minecraft:diorite":1,"minecraft:white_bed":6,"minecraft:arrow":2,"minecraft:rotten_flesh":10,"minecraft:diamond":7,"minecraft:bread":64,"minecraft:oak_sapling":4,"minecraft:coal":24,"minecraft:snowball":166,"minecraft:cobblestone":51,"minecraft:oxeye_daisy":1},"minecraft:crafted":{"minecraft:oak_planks":84,"minecraft:wooden_pickaxe":1,"minecraft:iron_sword":1,"minecraft:furnace":1,"minecraft:bucket":1,"minecraft:diamond_shovel":1,"minecraft:stone_axe":1,"minecraft:air":0,"minecraft:stick":28,"minecraft:iron_ingot":28,"minecraft:iron_pickaxe":1,"minecraft:stone_pickaxe":1,"minecraft:snow_block":41,"minecraft:stone_sword":1,"minecraft:chest":4,"minecraft:iron_shovel":1,"minecraft:torch":24},"minecraft:used":{"minecraft:water_bucket":38,"minecraft:stone_sword":18,"minecraft:iron_shovel":262,"minecraft:snow_block":3,"minecraft:stone_pickaxe":70,"endermanoverhaul:windswept_hills_enderman_spawn_egg":1,"minecraft:chest":4,"minecraft:wooden_pickaxe":13,"minecraft:iron_sword":30,"minecraft:torch":12,"minecraft:dirt":18,"minecraft:crafting_table":8,"endermanoverhaul:swamp_enderman_spawn_egg":1,"minecraft:white_bed":6,"minecraft:tuff":1,"minecraft:apple":14,"minecraft:diamond_shovel":1177,"minecraft:bread":22,"minecraft:iron_pickaxe":75,"minecraft:stone_axe":53,"minecraft:cobblestone":14,"endermanoverhaul:corrupted_blade":3,"minecraft:furnace":2,"minecraft:bucket":39,"minecraft:yellow_bed":1},"minecraft:custom":{"minecraft:interact_with_furnace":13,"minecraft:mob_kills":7,"minecraft:interact_with_crafting_table":11,"minecraft:bell_ring":23,"minecraft:leave_game":4,"minecraft:time_since_death":10491,"minecraft:sleep_in_bed":7,"minecraft:climb_one_cm":931,"minecraft:time_since_rest":9944,"minecraft:sprint_one_cm":296170,"minecraft:damage_taken":2794,"minecraft:walk_one_cm":350213,"minecraft:drop":17,"minecraft:damage_dealt":1910,"minecraft:swim_one_cm":45217,"minecraft:talked_to_villager":4,"minecraft:fly_one_cm":247263,"minecraft:open_chest":22,"minecraft:crouch_one_cm":4163,"minecraft:play_time":138002,"minecraft:deaths":6,"minecraft:sneak_time":1893,"minecraft:walk_under_water_one_cm":14924,"minecraft:boat_one_cm":16385,"minecraft:jump":1205,"minecraft:walk_on_water_one_cm":23989,"minecraft:total_world_time":138002,"minecraft:fall_one_cm":34106}},"DataVersion":3465}