{"stats":{"minecraft:custom":{"minecraft:jump":25,"minecraft:open_chest":4,"minecraft:time_since_rest":1438,"minecraft:damage_dealt":10,"minecraft:leave_game":2,"minecraft:crouch_one_cm":8,"minecraft:time_since_death":1404,"minecraft:play_time":14885,"minecraft:sprint_one_cm":10659,"minecraft:walk_one_cm":10985,"minecraft:walk_on_water_one_cm":481,"minecraft:deaths":2,"minecraft:sneak_time":520,"minecraft:total_world_time":14885,"minecraft:climb_one_cm":1475,"minecraft:fall_one_cm":894,"minecraft:fly_one_cm":365640,"minecraft:open_barrel":3},"minecraft:used":{"minecraft:flint_and_steel":1,"minecraft:obsidian":17}},"DataVersion":3465}