{"stats":{"minecraft:picked_up":{"minecraft:apple":3,"minecraft:saddle":1,"minecraft:iron_pickaxe":1,"minecraft:mossy_cobblestone":1},"minecraft:used":{"minecraft:mossy_cobblestone":1,"minecraft:iron_pickaxe":1},"minecraft:mined":{"minecraft:mossy_cobblestone":1},"minecraft:custom":{"minecraft:time_since_rest":794,"minecraft:open_chest":1,"minecraft:play_time":10112,"minecraft:interact_with_furnace":2,"minecraft:sprint_one_cm":15183,"minecraft:walk_one_cm":9648,"minecraft:damage_taken":100,"minecraft:deaths":1,"minecraft:sneak_time":29,"minecraft:bell_ring":2,"minecraft:walk_under_water_one_cm":1300,"minecraft:jump":37,"minecraft:damage_dealt":10,"minecraft:leave_game":3,"minecraft:time_since_death":749,"minecraft:walk_on_water_one_cm":525,"minecraft:total_world_time":10112,"minecraft:swim_one_cm":8520,"minecraft:talked_to_villager":5,"minecraft:fall_one_cm":1347,"minecraft:fly_one_cm":98673}},"DataVersion":3465}