{"stats":{"minecraft:killed":{"minecraft:spider":2,"endermanoverhaul:scarab":3,"minecraft:skeleton":3,"endermanoverhaul:desert_enderman":1,"minecraft:drowned":1,"minecraft:iron_golem":1,"minecraft:creeper":3,"minecraft:zombie":6,"midnightlurker:midnight_lurker_backturned":1,"minecraft:villager":3},"minecraft:killed_by":{"endermanoverhaul:swamp_enderman":1,"minecraft:spider":1,"minecraft:iron_golem":2,"midnightlurker:void_hands":1,"minecraft:skeleton":3,"minecraft:zombie":2,"midnightlurker:midnight_lurker_unprovoked":1},"minecraft:crafted":{"minecraft:oak_door":3,"minecraft:oak_planks":160,"minecraft:furnace":1,"minecraft:bone_meal":3,"minecraft:diamond_shovel":2,"minecraft:flint_and_steel":1,"minecraft:bow":1,"minecraft:iron_axe":3,"minecraft:stone_pickaxe":1,"minecraft:chest":5,"minecraft:wooden_pickaxe":1,"minecraft:iron_sword":1,"minecraft:bucket":1,"minecraft:stone_axe":1,"minecraft:air":0,"minecraft:oak_boat":1,"minecraft:diamond_pickaxe":2,"minecraft:stick":76,"minecraft:iron_ingot":28,"minecraft:iron_pickaxe":3,"minecraft:stone_sword":1,"minecraft:snow_block":41,"minecraft:iron_shovel":2,"minecraft:torch":124},"minecraft:used":{"minecraft:stone_sword":18,"minecraft:iron_shovel":461,"minecraft:flint_and_steel":4,"minecraft:carved_pumpkin":1,"endermanoverhaul:windswept_hills_enderman_spawn_egg":1,"minecraft:chest":10,"minecraft:iron_sword":206,"minecraft:oak_door":2,"minecraft:iron_chestplate":1,"minecraft:torch":47,"minecraft:dirt":552,"endermanoverhaul:swamp_enderman_spawn_egg":1,"minecraft:tuff":9,"minecraft:milk_bucket":1,"endermanoverhaul:badlands_enderman_spawn_egg":1,"minecraft:iron_block":4,"minecraft:iron_axe":358,"minecraft:iron_helmet":1,"minecraft:bow":6,"minecraft:oak_sapling":5,"minecraft:furnace":3,"minecraft:cobbled_deepslate":71,"minecraft:calcite":42,"minecraft:water_bucket":42,"minecraft:amethyst_block":40,"minecraft:snow_block":3,"minecraft:stone_pickaxe":70,"minecraft:wooden_pickaxe":13,"minecraft:sand":73,"minecraft:crafting_table":15,"minecraft:white_bed":12,"minecraft:oak_log":4,"minecraft:diamond_pickaxe":1702,"minecraft:apple":14,"minecraft:diamond_shovel":3142,"endermanoverhaul:desert_enderman_spawn_egg":4,"minecraft:bread":58,"minecraft:iron_pickaxe":498,"minecraft:stone_axe":62,"minecraft:cobblestone":14,"endermanoverhaul:corrupted_blade":3,"minecraft:bucket":42,"minecraft:yellow_bed":1,"minecraft:oak_boat":5,"minecraft:bone_meal":3},"minecraft:picked_up":{"minecraft:iron_chestplate":1,"minecraft:crafting_table":15,"minecraft:azure_bluet":2,"minecraft:brown_mushroom":2,"minecraft:amethyst_block":464,"minecraft:cornflower":11,"minecraft:string":23,"minecraft:raw_copper":39,"minecraft:iron_leggings":1,"minecraft:cobbled_deepslate":511,"minecraft:oak_boat":5,"minecraft:calcite":677,"minecraft:poppy":4,"minecraft:chest":5,"minecraft:birch_sapling":2,"minecraft:furnace":2,"minecraft:iron_boots":1,"minecraft:stick":16,"minecraft:raw_iron":52,"minecraft:oak_door":5,"minecraft:torch":54,"minecraft:diorite":19,"minecraft:rotten_flesh":16,"minecraft:arrow":8,"minecraft:snowball":166,"minecraft:rail":1,"minecraft:cobblestone":846,"minecraft:oxeye_daisy":9,"minecraft:birch_log":274,"minecraft:andesite":6,"minecraft:flint":30,"minecraft:tuff":19,"minecraft:oak_log":300,"minecraft:yellow_bed":1,"minecraft:gunpowder":6,"minecraft:dirt":3301,"minecraft:bone":16,"minecraft:apple":9,"minecraft:wheat_seeds":140,"minecraft:raw_gold":105,"minecraft:stone_pickaxe":1,"minecraft:iron_ingot":5,"minecraft:oak_planks":21,"minecraft:smooth_basalt":570,"minecraft:pumpkin":18,"minecraft:dandelion":40,"minecraft:gravel":43,"minecraft:sand":975,"minecraft:amethyst_shard":16,"minecraft:white_bed":12,"minecraft:spider_eye":2,"minecraft:mossy_cobblestone":1,"minecraft:diamond":8,"minecraft:iron_helmet":1,"minecraft:granite":18,"minecraft:emerald":3,"minecraft:bread":65,"minecraft:oak_sapling":18,"minecraft:coal":194},"minecraft:broken":{"minecraft:iron_shovel":1,"minecraft:diamond_shovel":2,"minecraft:diamond_pickaxe":1,"minecraft:iron_axe":1,"minecraft:iron_pickaxe":2},"minecraft:mined":{"minecraft:diamond_ore":1,"minecraft:large_amethyst_bud":1,"minecraft:tuff":15,"minecraft:white_bed":9,"minecraft:mossy_cobblestone":2,"minecraft:deepslate_diamond_ore":7,"minecraft:oak_door":2,"minecraft:sculk_vein":1,"minecraft:granite":11,"minecraft:budding_amethyst":20,"minecraft:red_sand":1,"minecraft:grass_block":1803,"minecraft:oxeye_daisy":3,"minecraft:furnace":2,"minecraft:iron_ore":10,"minecraft:cobbled_deepslate":24,"minecraft:fire":1,"minecraft:snow":148,"minecraft:andesite":6,"minecraft:pumpkin":7,"minecraft:deepslate_iron_ore":26,"minecraft:vine":3,"minecraft:dirt_path":182,"minecraft:stone":850,"minecraft:glass_pane":1,"minecraft:snow_block":3,"minecraft:amethyst_cluster":1,"minecraft:dandelion":6,"minecraft:crafting_table":14,"minecraft:cornflower":1,"minecraft:torch":9,"minecraft:calcite":339,"minecraft:chest":5,"minecraft:tall_grass":24,"minecraft:copper_ore":3,"minecraft:cobblestone":12,"minecraft:deepslate_gold_ore":34,"minecraft:oak_planks":6,"minecraft:diorite":15,"minecraft:wall_torch":8,"minecraft:amethyst_block":232,"minecraft:birch_log":137,"minecraft:birch_leaves":18,"minecraft:yellow_bed":1,"minecraft:grass":279,"minecraft:oak_log":180,"minecraft:coal_ore":113,"minecraft:gravel":76,"minecraft:sand":342,"minecraft:dirt":642,"minecraft:cobweb":1,"minecraft:smooth_basalt":285,"minecraft:gold_ore":1,"minecraft:oak_leaves":111,"minecraft:deepslate":259,"minecraft:fern":1},"minecraft:custom":{"minecraft:mob_kills":24,"minecraft:interact_with_crafting_table":22,"minecraft:bell_ring":24,"minecraft:leave_game":17,"minecraft:time_since_death":144018,"minecraft:climb_one_cm":2056,"minecraft:sprint_one_cm":897877,"minecraft:walk_one_cm":1122374,"minecraft:drop":95,"minecraft:talked_to_villager":18,"minecraft:play_time":564064,"minecraft:sneak_time":5810,"minecraft:deaths":19,"minecraft:walk_under_water_one_cm":29756,"minecraft:boat_one_cm":428216,"minecraft:jump":3779,"minecraft:walk_on_water_one_cm":45856,"minecraft:total_world_time":564064,"minecraft:interact_with_furnace":15,"minecraft:sleep_in_bed":18,"minecraft:time_since_rest":56127,"minecraft:damage_taken":6506,"minecraft:damage_dealt":6841,"minecraft:swim_one_cm":126839,"minecraft:fly_one_cm":1813150,"minecraft:open_chest":99,"minecraft:crouch_one_cm":9289,"minecraft:interact_with_smoker":1,"minecraft:fall_one_cm":77624},"minecraft:dropped":{"minecraft:bread":1,"minecraft:brown_mushroom":1,"minecraft:wheat_seeds":20,"minecraft:cobblestone":33,"minecraft:granite":4,"minecraft:rail":1,"minecraft:flint":11,"minecraft:oxeye_daisy":8,"minecraft:dirt":123,"minecraft:diorite":16,"minecraft:cornflower":7,"minecraft:pumpkin":8,"minecraft:sand":320,"minecraft:string":10,"minecraft:dandelion":29,"minecraft:bone":5,"minecraft:snow_block":38,"minecraft:gravel":3,"minecraft:stone_axe":1,"minecraft:stone_sword":1,"minecraft:raw_copper":13,"minecraft:tuff":8,"minecraft:birch_sapling":1,"minecraft:raw_iron":8,"minecraft:rotten_flesh":12,"minecraft:oak_planks":6,"minecraft:azure_bluet":1,"endermanoverhaul:warped_forest_enderman_spawn_egg":1,"minecraft:poppy":3,"minecraft:andesite":6,"minecraft:oak_sapling":7,"minecraft:spider_eye":1,"minecraft:wooden_pickaxe":1,"minecraft:stone_pickaxe":2,"minecraft:raw_gold":35}},"DataVersion":3465}