{"stats":{"minecraft:used":{"minecraft:firework_rocket":7},"minecraft:custom":{"minecraft:jump":10,"minecraft:time_since_rest":12373,"minecraft:leave_game":2,"minecraft:play_time":12373,"minecraft:sprint_one_cm":1697,"minecraft:walk_on_water_one_cm":700,"minecraft:time_since_death":12373,"minecraft:walk_one_cm":1897,"minecraft:sneak_time":74,"minecraft:walk_under_water_one_cm":241,"minecraft:total_world_time":12373,"minecraft:fly_one_cm":34064,"minecraft:aviate_one_cm":192287}},"DataVersion":3465}