{"stats":{"minecraft:killed":{"minecraft:spider":1,"minecraft:skeleton":3,"minecraft:zombie":4,"minecraft:villager":3},"minecraft:killed_by":{"endermanoverhaul:swamp_enderman":1,"minecraft:spider":1,"minecraft:iron_golem":2,"midnightlurker:void_hands":1,"minecraft:skeleton":3,"minecraft:zombie":2,"midnightlurker:midnight_lurker_unprovoked":1},"minecraft:crafted":{"minecraft:oak_door":3,"minecraft:oak_planks":152,"minecraft:furnace":1,"minecraft:bone_meal":3,"minecraft:diamond_shovel":2,"minecraft:flint_and_steel":1,"minecraft:bow":1,"minecraft:iron_axe":2,"minecraft:stone_pickaxe":1,"minecraft:chest":5,"minecraft:wooden_pickaxe":1,"minecraft:iron_sword":1,"minecraft:bucket":1,"minecraft:stone_axe":1,"minecraft:air":0,"minecraft:oak_boat":1,"minecraft:diamond_pickaxe":2,"minecraft:stick":68,"minecraft:iron_ingot":28,"minecraft:iron_pickaxe":3,"minecraft:stone_sword":1,"minecraft:snow_block":41,"minecraft:iron_shovel":1,"minecraft:torch":124},"minecraft:used":{"minecraft:stone_sword":18,"minecraft:iron_shovel":262,"minecraft:flint_and_steel":4,"endermanoverhaul:windswept_hills_enderman_spawn_egg":1,"minecraft:chest":5,"minecraft:iron_sword":79,"minecraft:oak_door":2,"minecraft:iron_chestplate":1,"minecraft:torch":42,"minecraft:dirt":144,"endermanoverhaul:swamp_enderman_spawn_egg":1,"minecraft:tuff":9,"minecraft:iron_axe":346,"minecraft:iron_helmet":1,"minecraft:bow":2,"minecraft:oak_sapling":5,"minecraft:furnace":2,"minecraft:cobbled_deepslate":22,"minecraft:water_bucket":41,"minecraft:snow_block":3,"minecraft:stone_pickaxe":70,"minecraft:wooden_pickaxe":13,"minecraft:crafting_table":14,"minecraft:white_bed":9,"minecraft:oak_log":4,"minecraft:diamond_pickaxe":1607,"minecraft:apple":14,"minecraft:diamond_shovel":2686,"minecraft:bread":43,"minecraft:iron_pickaxe":498,"minecraft:stone_axe":62,"minecraft:cobblestone":14,"endermanoverhaul:corrupted_blade":3,"minecraft:bucket":41,"minecraft:yellow_bed":1,"minecraft:oak_boat":3,"minecraft:bone_meal":3},"minecraft:picked_up":{"minecraft:crafting_table":14,"minecraft:iron_chestplate":1,"minecraft:brown_mushroom":1,"minecraft:amethyst_block":232,"minecraft:cornflower":5,"minecraft:string":7,"minecraft:raw_copper":13,"minecraft:iron_leggings":1,"minecraft:cobbled_deepslate":250,"minecraft:oak_boat":3,"minecraft:calcite":338,"minecraft:poppy":2,"minecraft:birch_sapling":1,"minecraft:furnace":1,"minecraft:iron_boots":1,"minecraft:stick":5,"minecraft:raw_iron":36,"minecraft:oak_door":1,"minecraft:torch":16,"minecraft:diorite":16,"minecraft:rotten_flesh":12,"minecraft:arrow":2,"minecraft:snowball":166,"minecraft:cobblestone":731,"minecraft:oxeye_daisy":4,"minecraft:birch_log":137,"minecraft:andesite":6,"minecraft:flint":12,"minecraft:tuff":17,"minecraft:oak_log":170,"minecraft:yellow_bed":1,"minecraft:dirt":2097,"minecraft:bone":3,"minecraft:apple":1,"minecraft:wheat_seeds":58,"minecraft:raw_gold":35,"minecraft:stone_pickaxe":1,"minecraft:oak_planks":15,"minecraft:smooth_basalt":285,"minecraft:pumpkin":8,"minecraft:dandelion":13,"minecraft:gravel":41,"minecraft:sand":325,"minecraft:amethyst_shard":8,"minecraft:white_bed":9,"minecraft:diamond":8,"minecraft:iron_helmet":1,"minecraft:granite":4,"minecraft:bread":65,"minecraft:oak_sapling":13,"minecraft:coal":113},"minecraft:broken":{"minecraft:iron_shovel":1,"minecraft:diamond_shovel":1,"minecraft:diamond_pickaxe":1,"minecraft:iron_axe":1,"minecraft:iron_pickaxe":2},"minecraft:mined":{"minecraft:diamond_ore":1,"minecraft:large_amethyst_bud":1,"minecraft:tuff":15,"minecraft:white_bed":7,"minecraft:deepslate_diamond_ore":7,"minecraft:oak_door":1,"minecraft:sculk_vein":1,"minecraft:granite":4,"minecraft:budding_amethyst":20,"minecraft:grass_block":1580,"minecraft:furnace":1,"minecraft:iron_ore":10,"minecraft:cobbled_deepslate":1,"minecraft:fire":1,"minecraft:snow":148,"minecraft:andesite":6,"minecraft:pumpkin":7,"minecraft:vine":3,"minecraft:deepslate_iron_ore":26,"minecraft:dirt_path":1,"minecraft:stone":797,"minecraft:glass_pane":1,"minecraft:snow_block":3,"minecraft:amethyst_cluster":1,"minecraft:crafting_table":14,"minecraft:cornflower":1,"minecraft:torch":6,"minecraft:calcite":338,"minecraft:tall_grass":8,"minecraft:copper_ore":3,"minecraft:cobblestone":6,"minecraft:deepslate_gold_ore":34,"minecraft:diorite":15,"minecraft:wall_torch":7,"minecraft:amethyst_block":232,"minecraft:birch_log":137,"minecraft:birch_leaves":18,"minecraft:yellow_bed":1,"minecraft:grass":107,"minecraft:oak_log":178,"minecraft:coal_ore":113,"minecraft:gravel":76,"minecraft:sand":326,"minecraft:dirt":621,"minecraft:cobweb":1,"minecraft:smooth_basalt":285,"minecraft:gold_ore":1,"minecraft:oak_leaves":106,"minecraft:deepslate":259,"minecraft:fern":1},"minecraft:custom":{"minecraft:mob_kills":11,"minecraft:interact_with_crafting_table":20,"minecraft:bell_ring":23,"minecraft:leave_game":7,"minecraft:time_since_death":58247,"minecraft:climb_one_cm":1327,"minecraft:sprint_one_cm":553041,"minecraft:walk_one_cm":691634,"minecraft:drop":41,"minecraft:talked_to_villager":4,"minecraft:play_time":330444,"minecraft:deaths":15,"minecraft:sneak_time":4284,"minecraft:walk_under_water_one_cm":26053,"minecraft:boat_one_cm":221261,"minecraft:jump":2519,"minecraft:walk_on_water_one_cm":41010,"minecraft:total_world_time":330444,"minecraft:interact_with_furnace":14,"minecraft:sleep_in_bed":12,"minecraft:time_since_rest":24463,"minecraft:damage_taken":5503,"minecraft:damage_dealt":2805,"minecraft:swim_one_cm":110556,"minecraft:fly_one_cm":522668,"minecraft:open_chest":46,"minecraft:crouch_one_cm":7772,"minecraft:fall_one_cm":60946},"minecraft:dropped":{"minecraft:bread":1,"minecraft:wheat_seeds":16,"minecraft:cobblestone":33,"minecraft:granite":4,"minecraft:flint":2,"minecraft:oxeye_daisy":3,"minecraft:dirt":24,"minecraft:diorite":13,"minecraft:cornflower":3,"minecraft:pumpkin":3,"minecraft:dandelion":6,"minecraft:snow_block":38,"minecraft:gravel":2,"minecraft:stone_axe":1,"minecraft:stone_sword":1,"minecraft:tuff":6,"minecraft:rotten_flesh":8,"endermanoverhaul:warped_forest_enderman_spawn_egg":1,"minecraft:poppy":1,"minecraft:andesite":6,"minecraft:oak_sapling":2,"minecraft:wooden_pickaxe":1,"minecraft:stone_pickaxe":2}},"DataVersion":3465}