{"stats":{"minecraft:picked_up":{"minecraft:pointed_dripstone":1},"minecraft:used":{"minecraft:firework_rocket":15},"minecraft:custom":{"minecraft:jump":42,"minecraft:time_since_rest":23019,"minecraft:leave_game":3,"minecraft:play_time":23019,"minecraft:sprint_one_cm":12336,"minecraft:time_since_death":23019,"minecraft:walk_on_water_one_cm":936,"minecraft:walk_one_cm":13110,"minecraft:sneak_time":74,"minecraft:total_world_time":23019,"minecraft:walk_under_water_one_cm":241,"minecraft:fly_one_cm":50382,"minecraft:aviate_one_cm":425356}},"DataVersion":3465}