{"stats":{"minecraft:killed_by":{"minecraft:zombie":1},"minecraft:mined":{"minecraft:mossy_cobblestone":1,"minecraft:powder_snow":1},"minecraft:used":{"minecraft:mossy_cobblestone":1,"minecraft:apple":6,"minecraft:iron_pickaxe":9},"minecraft:picked_up":{"minecraft:apple":33,"minecraft:gold_nugget":3,"minecraft:potato":23,"minecraft:saddle":2,"minecraft:bread":31,"minecraft:iron_pickaxe":2,"minecraft:mossy_cobblestone":1},"minecraft:custom":{"minecraft:time_since_rest":26604,"minecraft:open_chest":8,"minecraft:crouch_one_cm":5,"minecraft:interact_with_loom":1,"minecraft:sprint_one_cm":113437,"minecraft:interact_with_furnace":2,"minecraft:play_time":56720,"minecraft:deaths":2,"minecraft:damage_taken":524,"minecraft:walk_one_cm":41164,"minecraft:sneak_time":55,"minecraft:bell_ring":3,"minecraft:walk_under_water_one_cm":1394,"minecraft:jump":276,"minecraft:interact_with_brewingstand":1,"minecraft:interact_with_stonecutter":1,"minecraft:damage_dealt":10,"minecraft:interact_with_blast_furnace":1,"minecraft:leave_game":4,"minecraft:walk_on_water_one_cm":832,"minecraft:time_since_death":754,"minecraft:sleep_in_bed":1,"minecraft:climb_one_cm":1416,"minecraft:total_world_time":56720,"minecraft:swim_one_cm":10671,"minecraft:talked_to_villager":6,"minecraft:fall_one_cm":5279,"minecraft:fly_one_cm":153789}},"DataVersion":3465}