{"stats":{"minecraft:mined":{"minecraft:white_bed":6,"minecraft:cobblestone_stairs":4,"minecraft:jungle_leaves":1,"minecraft:acacia_log":16,"minecraft:grass_block":46,"minecraft:jungle_log":17,"minecraft:composter":1,"minecraft:smooth_stone":8,"minecraft:iron_ore":2,"minecraft:fire":24,"minecraft:andesite":147,"minecraft:fletching_table":3,"minecraft:bell":4,"minecraft:potted_dandelion":1,"minecraft:pointed_dripstone":5,"minecraft:potatoes":2,"minecraft:cobblestone_slab":17,"minecraft:vine":5,"minecraft:dirt_path":10,"minecraft:rail":172,"minecraft:oak_stairs":2,"minecraft:bamboo":3,"minecraft:stone":1150,"minecraft:tripwire":1,"minecraft:smithing_table":1,"minecraft:oak_slab":33,"minecraft:acacia_leaves":2,"minecraft:stone_brick_slab":23,"minecraft:oak_fence":31,"minecraft:crafting_table":2,"minecraft:cornflower":1,"minecraft:torch":4,"minecraft:melon":7,"minecraft:chest":2,"minecraft:cobblestone":55,"minecraft:glass":1,"minecraft:tall_grass":3,"minecraft:copper_ore":6,"minecraft:grindstone":2,"minecraft:sugar_cane":303,"minecraft:diorite":108,"minecraft:wall_torch":5,"minecraft:cauldron":9,"minecraft:birch_log":17,"minecraft:wheat":1,"minecraft:lava_cauldron":1,"minecraft:yellow_bed":1,"minecraft:grass":73,"minecraft:oak_log":174,"minecraft:coal_ore":24,"minecraft:beetroots":2,"minecraft:oak_fence_gate":4,"minecraft:loom":2,"minecraft:gravel":109,"minecraft:sand":2,"minecraft:dirt":189,"minecraft:stone_bricks":6,"minecraft:stonecutter":6,"minecraft:oak_leaves":9,"minecraft:fern":20},"minecraft:custom":{"minecraft:interact_with_smithing_table":8,"minecraft:mob_kills":13,"minecraft:interact_with_anvil":3,"minecraft:interact_with_crafting_table":48,"minecraft:open_barrel":11,"minecraft:fill_cauldron":2,"minecraft:bell_ring":3,"minecraft:leave_game":4,"minecraft:time_since_death":84851,"minecraft:climb_one_cm":6869,"minecraft:sprint_one_cm":877891,"minecraft:walk_one_cm":884636,"minecraft:drop":88,"minecraft:talked_to_villager":170,"minecraft:play_time":413281,"minecraft:deaths":3,"minecraft:sneak_time":8799,"minecraft:walk_under_water_one_cm":34042,"minecraft:boat_one_cm":981942,"minecraft:jump":3594,"minecraft:interact_with_blast_furnace":3,"minecraft:walk_on_water_one_cm":23696,"minecraft:total_world_time":413281,"minecraft:interact_with_furnace":36,"minecraft:traded_with_villager":270,"minecraft:interact_with_grindstone":2,"minecraft:pot_flower":1,"minecraft:interact_with_stonecutter":11,"minecraft:sleep_in_bed":10,"minecraft:time_since_rest":83408,"minecraft:damage_taken":2214,"minecraft:damage_dealt":2489,"minecraft:minecart_one_cm":89,"minecraft:swim_one_cm":91097,"minecraft:fly_one_cm":818146,"minecraft:open_chest":148,"minecraft:crouch_one_cm":19317,"minecraft:use_cauldron":32,"minecraft:fall_one_cm":52626},"minecraft:broken":{"minecraft:golden_axe":1,"minecraft:iron_axe":1,"minecraft:iron_pickaxe":2},"minecraft:picked_up":{"minecraft:cocoa_beans":19,"minecraft:crafting_table":2,"minecraft:flower_pot":1,"minecraft:smithing_table":1,"minecraft:cornflower":1,"minecraft:string":3,"minecraft:iron_axe":3,"minecraft:raw_copper":18,"minecraft:iron_shovel":1,"minecraft:beetroot":2,"minecraft:smooth_stone":7,"minecraft:beef":3,"minecraft:oak_boat":3,"minecraft:cobblestone_slab":17,"minecraft:minecart":18,"minecraft:melon_slice":39,"minecraft:sugar_cane":342,"minecraft:chest":2,"minecraft:stick":3,"minecraft:raw_iron":2,"minecraft:composter":1,"minecraft:oak_fence":31,"minecraft:torch":25,"minecraft:acacia_log":16,"minecraft:fire_charge":1,"minecraft:pointed_dripstone":5,"minecraft:diorite":108,"minecraft:cauldron":10,"minecraft:rotten_flesh":9,"minecraft:beetroot_seeds":12,"minecraft:rail":169,"minecraft:cobblestone":1103,"minecraft:birch_log":17,"minecraft:feather":1,"minecraft:andesite":147,"minecraft:jungle_log":17,"minecraft:leather":2,"minecraft:potato":18,"minecraft:flint":10,"minecraft:oak_log":173,"minecraft:cobblestone_stairs":4,"minecraft:yellow_bed":1,"minecraft:dirt":228,"minecraft:stone_bricks":6,"minecraft:apple":12,"minecraft:stonecutter":6,"minecraft:bow":2,"minecraft:wheat_seeds":8,"minecraft:oak_fence_gate":4,"minecraft:grindstone":2,"minecraft:bell":4,"minecraft:fletching_table":3,"minecraft:bamboo":17,"minecraft:acacia_sapling":2,"minecraft:stone_hoe":7,"minecraft:oak_slab":35,"minecraft:stone_brick_slab":24,"minecraft:dandelion":1,"minecraft:gravel":92,"minecraft:sand":2,"minecraft:white_bed":5,"minecraft:bread":6,"minecraft:oak_sapling":5,"minecraft:coal":24,"minecraft:seagrass":3},"minecraft:killed":{"minecraft:spider":1,"minecraft:turtle":2,"minecraft:cat":1,"minecraft:zombie":7,"minecraft:cow":1},"minecraft:dropped":{"minecraft:stone_hoe":27,"minecraft:bread":7,"minecraft:wheat_seeds":8,"minecraft:golden_helmet":1,"minecraft:minecart":1,"minecraft:poisonous_potato":2,"minecraft:iron_helmet":1,"minecraft:feather":1,"minecraft:dirt":2,"minecraft:fire_charge":1,"minecraft:iron_leggings":12,"minecraft:iron_axe":19,"minecraft:string":2,"minecraft:zombie_spawn_egg":1,"minecraft:pointed_dripstone":1,"minecraft:rotten_flesh":9,"minecraft:potato":1,"minecraft:beetroot_seeds":12,"minecraft:bow":3},"minecraft:used":{"minecraft:oak_trapdoor":1,"minecraft:beetroot":2,"minecraft:oak_fence":31,"minecraft:iron_shovel":217,"minecraft:flint_and_steel":24,"minecraft:chest":8,"minecraft:stone":35,"minecraft:zombie_spawn_egg":3,"minecraft:bell":3,"minecraft:stone_hoe":1,"minecraft:torch":93,"minecraft:dirt":61,"minecraft:cocoa_beans":19,"minecraft:oak_fence_gate":4,"minecraft:stone_brick_slab":176,"minecraft:lava_bucket":41,"minecraft:iron_axe":363,"minecraft:jungle_log":8,"minecraft:stone_bricks":61,"minecraft:barrel":3,"minecraft:oak_sapling":3,"minecraft:furnace":7,"minecraft:minecart":28,"minecraft:potato":58,"minecraft:golden_axe":28,"minecraft:pointed_dripstone":9,"minecraft:cobblestone_stairs":23,"minecraft:baked_potato":16,"minecraft:cauldron":14,"minecraft:cobblestone_slab":103,"minecraft:composter":1,"minecraft:stonecutter":6,"minecraft:sugar_cane":57,"minecraft:fletching_table":3,"minecraft:blast_furnace":2,"minecraft:sand":1,"minecraft:rail":257,"minecraft:oak_slab":170,"minecraft:crafting_table":3,"minecraft:white_bed":6,"minecraft:oak_log":33,"minecraft:flower_pot":1,"minecraft:diamond_pickaxe":1249,"minecraft:apple":12,"minecraft:diamond_shovel":123,"minecraft:string":1,"minecraft:iron_pickaxe":501,"minecraft:bread":26,"minecraft:fishing_rod":5,"minecraft:cobblestone":61,"minecraft:grindstone":5,"minecraft:smithing_table":4,"minecraft:bucket":45,"minecraft:yellow_bed":1,"minecraft:oak_boat":5},"minecraft:crafted":{"minecraft:grindstone":2,"minecraft:oak_planks":430,"minecraft:barrel":3,"minecraft:furnace":8,"minecraft:blast_furnace":1,"minecraft:stone":278,"minecraft:diamond_shovel":2,"minecraft:bow":4,"minecraft:iron_boots":1,"minecraft:iron_axe":21,"minecraft:chest":6,"minecraft:rail":16,"minecraft:stone_hoe":20,"minecraft:minecart":11,"minecraft:oak_slab":204,"minecraft:emerald":207,"minecraft:cauldron":4,"minecraft:crafting_table":1,"minecraft:baked_potato":16,"minecraft:iron_helmet":2,"minecraft:smithing_table":3,"minecraft:birch_planks":68,"minecraft:bucket":1,"minecraft:bread":24,"minecraft:air":0,"minecraft:jungle_planks":36,"minecraft:oak_boat":2,"minecraft:book":2,"minecraft:paper":63,"minecraft:iron_chestplate":1,"minecraft:diamond_pickaxe":1,"minecraft:stick":676,"minecraft:iron_pickaxe":2,"minecraft:iron_shovel":1,"minecraft:iron_leggings":13,"minecraft:torch":68},"minecraft:killed_by":{"midnightlurker:midnight_lurker_unprovoked":3}},"DataVersion":3465}