{"stats":{"minecraft:killed":{"minecraft:cow":1},"minecraft:crafted":{"minecraft:oak_planks":16,"minecraft:iron_boots":1,"minecraft:iron_chestplate":1,"minecraft:iron_axe":1,"minecraft:stick":24,"minecraft:baked_potato":16,"minecraft:iron_pickaxe":2,"minecraft:iron_helmet":2,"minecraft:iron_shovel":1,"minecraft:iron_leggings":1,"minecraft:torch":56,"minecraft:air":0},"minecraft:used":{"minecraft:beetroot":2,"minecraft:iron_shovel":104,"minecraft:iron_axe":109,"minecraft:baked_potato":5,"minecraft:iron_pickaxe":352,"minecraft:sugar_cane":15,"minecraft:torch":8,"minecraft:cobblestone":19,"minecraft:dirt":4,"minecraft:rail":58,"minecraft:yellow_bed":1,"minecraft:potato":29},"minecraft:picked_up":{"minecraft:stick":1,"minecraft:feather":1,"minecraft:leather":2,"minecraft:oak_fence":12,"minecraft:gravel":21,"minecraft:potato":15,"minecraft:flint":4,"minecraft:oak_log":89,"minecraft:yellow_bed":1,"minecraft:dirt":82,"minecraft:rotten_flesh":2,"minecraft:apple":12,"minecraft:beetroot":2,"minecraft:beetroot_seeds":4,"minecraft:wheat_seeds":1,"minecraft:beef":3,"minecraft:oak_fence_gate":3,"minecraft:fletching_table":2,"minecraft:bread":2,"minecraft:sugar_cane":15,"minecraft:chest":2,"minecraft:rail":6,"minecraft:cobblestone":347},"minecraft:broken":{"minecraft:iron_pickaxe":1},"minecraft:mined":{"minecraft:wheat":1,"minecraft:fletching_table":2,"minecraft:oak_fence":12,"minecraft:yellow_bed":1,"minecraft:chest":2,"minecraft:grass_block":10,"minecraft:grass":6,"minecraft:potatoes":1,"minecraft:oak_log":89,"minecraft:oak_fence_gate":3,"minecraft:beetroots":2,"minecraft:rail":6,"minecraft:gravel":25,"minecraft:dirt":72,"minecraft:stone":348,"minecraft:sugar_cane":13},"minecraft:custom":{"minecraft:time_since_rest":31995,"minecraft:interact_with_furnace":7,"minecraft:sprint_one_cm":125160,"minecraft:damage_taken":225,"minecraft:walk_one_cm":109535,"minecraft:mob_kills":1,"minecraft:interact_with_anvil":1,"minecraft:damage_dealt":100,"minecraft:swim_one_cm":42796,"minecraft:interact_with_crafting_table":6,"minecraft:fly_one_cm":144803,"minecraft:open_chest":15,"minecraft:crouch_one_cm":852,"minecraft:play_time":46308,"minecraft:sneak_time":321,"minecraft:walk_under_water_one_cm":4998,"minecraft:jump":590,"minecraft:leave_game":1,"minecraft:walk_on_water_one_cm":7925,"minecraft:time_since_death":46308,"minecraft:climb_one_cm":234,"minecraft:sleep_in_bed":2,"minecraft:total_world_time":46308,"minecraft:fall_one_cm":11541}},"DataVersion":3465}