{"stats":{"minecraft:killed":{"minecraft:spider":1,"minecraft:cow":1},"minecraft:crafted":{"minecraft:oak_slab":90,"minecraft:oak_planks":146,"minecraft:crafting_table":1,"minecraft:iron_helmet":2,"minecraft:baked_potato":16,"minecraft:smithing_table":1,"minecraft:air":0,"minecraft:iron_boots":1,"minecraft:iron_chestplate":1,"minecraft:iron_axe":1,"minecraft:stick":24,"minecraft:iron_pickaxe":2,"minecraft:iron_shovel":1,"minecraft:iron_leggings":1,"minecraft:torch":56,"minecraft:minecart":2},"minecraft:used":{"minecraft:beetroot":2,"minecraft:oak_fence":9,"minecraft:iron_shovel":114,"minecraft:baked_potato":6,"minecraft:chest":2,"minecraft:fletching_table":2,"minecraft:sugar_cane":15,"minecraft:torch":17,"minecraft:dirt":18,"minecraft:rail":107,"minecraft:oak_slab":88,"minecraft:crafting_table":1,"minecraft:oak_log":17,"minecraft:apple":3,"minecraft:iron_axe":128,"minecraft:iron_pickaxe":392,"minecraft:cobblestone":21,"minecraft:smithing_table":1,"minecraft:minecart":5,"minecraft:yellow_bed":1,"minecraft:potato":29},"minecraft:picked_up":{"minecraft:feather":1,"minecraft:leather":2,"minecraft:potato":15,"minecraft:flint":4,"minecraft:oak_log":94,"minecraft:yellow_bed":1,"minecraft:string":1,"minecraft:dirt":100,"minecraft:beetroot":2,"minecraft:apple":12,"minecraft:stonecutter":1,"minecraft:wheat_seeds":1,"minecraft:beef":3,"minecraft:oak_fence_gate":3,"minecraft:fletching_table":3,"minecraft:minecart":3,"minecraft:sugar_cane":15,"minecraft:chest":2,"minecraft:oak_slab":4,"minecraft:stick":1,"minecraft:oak_fence":12,"minecraft:torch":2,"minecraft:gravel":21,"minecraft:rotten_flesh":2,"minecraft:beetroot_seeds":4,"minecraft:bread":2,"minecraft:rail":35,"minecraft:cobblestone":356},"minecraft:broken":{"minecraft:iron_pickaxe":1},"minecraft:mined":{"minecraft:oak_slab":4,"minecraft:oak_fence":12,"minecraft:grass_block":10,"minecraft:chest":2,"minecraft:cobblestone":6,"minecraft:sugar_cane":13,"minecraft:wheat":1,"minecraft:fletching_table":3,"minecraft:yellow_bed":1,"minecraft:grass":6,"minecraft:potatoes":1,"minecraft:oak_log":94,"minecraft:oak_fence_gate":3,"minecraft:beetroots":2,"minecraft:dirt_path":3,"minecraft:rail":35,"minecraft:oak_stairs":2,"minecraft:gravel":25,"minecraft:loom":2,"minecraft:dirt":86,"minecraft:stone":352,"minecraft:stonecutter":1},"minecraft:custom":{"minecraft:interact_with_furnace":8,"minecraft:interact_with_anvil":1,"minecraft:mob_kills":2,"minecraft:interact_with_crafting_table":15,"minecraft:leave_game":2,"minecraft:time_since_death":69626,"minecraft:sleep_in_bed":3,"minecraft:climb_one_cm":440,"minecraft:time_since_rest":8930,"minecraft:sprint_one_cm":181708,"minecraft:damage_taken":253,"minecraft:walk_one_cm":191330,"minecraft:drop":1,"minecraft:damage_dealt":260,"minecraft:talked_to_villager":1,"minecraft:swim_one_cm":43273,"minecraft:fly_one_cm":208025,"minecraft:open_chest":30,"minecraft:crouch_one_cm":3029,"minecraft:play_time":69626,"minecraft:sneak_time":1389,"minecraft:walk_under_water_one_cm":5227,"minecraft:jump":875,"minecraft:walk_on_water_one_cm":9130,"minecraft:total_world_time":69626,"minecraft:fall_one_cm":16975},"minecraft:dropped":{"minecraft:feather":1}},"DataVersion":3465}