{"stats":{"minecraft:mined":{"minecraft:white_bed":6,"minecraft:grass_block":31,"minecraft:composter":1,"minecraft:smooth_stone":8,"minecraft:fire":5,"minecraft:fletching_table":3,"minecraft:bell":3,"minecraft:potatoes":1,"minecraft:potted_dandelion":1,"minecraft:pointed_dripstone":5,"minecraft:dirt_path":5,"minecraft:cobblestone_slab":17,"minecraft:vine":1,"minecraft:rail":125,"minecraft:oak_stairs":2,"minecraft:stone":671,"minecraft:oak_slab":6,"minecraft:crafting_table":2,"minecraft:oak_fence":31,"minecraft:cornflower":1,"minecraft:torch":2,"minecraft:chest":2,"minecraft:cobblestone":48,"minecraft:glass":1,"minecraft:tall_grass":3,"minecraft:grindstone":1,"minecraft:sugar_cane":105,"minecraft:wall_torch":1,"minecraft:cauldron":9,"minecraft:birch_log":17,"minecraft:wheat":1,"minecraft:lava_cauldron":1,"minecraft:yellow_bed":1,"minecraft:grass":9,"minecraft:oak_log":168,"minecraft:beetroots":2,"minecraft:oak_fence_gate":3,"minecraft:gravel":27,"minecraft:loom":2,"minecraft:sand":1,"minecraft:dirt":157,"minecraft:stonecutter":6,"minecraft:oak_leaves":2},"minecraft:custom":{"minecraft:interact_with_smithing_table":5,"minecraft:interact_with_anvil":1,"minecraft:mob_kills":10,"minecraft:interact_with_crafting_table":37,"minecraft:fill_cauldron":2,"minecraft:leave_game":2,"minecraft:time_since_death":44168,"minecraft:climb_one_cm":1684,"minecraft:sprint_one_cm":543288,"minecraft:walk_one_cm":555107,"minecraft:drop":27,"minecraft:talked_to_villager":87,"minecraft:play_time":212607,"minecraft:deaths":1,"minecraft:sneak_time":3708,"minecraft:walk_under_water_one_cm":6197,"minecraft:boat_one_cm":11970,"minecraft:jump":2299,"minecraft:interact_with_blast_furnace":2,"minecraft:walk_on_water_one_cm":12821,"minecraft:total_world_time":212607,"minecraft:interact_with_furnace":23,"minecraft:traded_with_villager":99,"minecraft:pot_flower":1,"minecraft:interact_with_stonecutter":5,"minecraft:sleep_in_bed":6,"minecraft:time_since_rest":44002,"minecraft:damage_taken":1090,"minecraft:damage_dealt":1546,"minecraft:minecart_one_cm":89,"minecraft:swim_one_cm":51461,"minecraft:fly_one_cm":543922,"minecraft:open_chest":92,"minecraft:crouch_one_cm":8819,"minecraft:fall_one_cm":36221,"minecraft:use_cauldron":11},"minecraft:broken":{"minecraft:golden_axe":1,"minecraft:iron_axe":1,"minecraft:iron_pickaxe":2},"minecraft:picked_up":{"minecraft:crafting_table":2,"minecraft:flower_pot":1,"minecraft:cornflower":1,"minecraft:string":2,"minecraft:iron_axe":1,"minecraft:iron_shovel":1,"minecraft:beetroot":2,"minecraft:smooth_stone":7,"minecraft:beef":3,"minecraft:cobblestone_slab":17,"minecraft:minecart":15,"minecraft:sugar_cane":109,"minecraft:chest":2,"minecraft:stick":2,"minecraft:composter":1,"minecraft:oak_fence":31,"minecraft:torch":13,"minecraft:fire_charge":1,"minecraft:pointed_dripstone":5,"minecraft:cauldron":10,"minecraft:rotten_flesh":9,"minecraft:beetroot_seeds":12,"minecraft:cobblestone":707,"minecraft:rail":126,"minecraft:birch_log":17,"minecraft:feather":1,"minecraft:leather":2,"minecraft:potato":15,"minecraft:flint":4,"minecraft:oak_log":167,"minecraft:yellow_bed":1,"minecraft:dirt":188,"minecraft:apple":12,"minecraft:stonecutter":6,"minecraft:wheat_seeds":1,"minecraft:oak_fence_gate":3,"minecraft:bell":3,"minecraft:grindstone":1,"minecraft:fletching_table":3,"minecraft:oak_slab":6,"minecraft:dandelion":1,"minecraft:gravel":23,"minecraft:sand":1,"minecraft:white_bed":5,"minecraft:bread":6,"minecraft:oak_sapling":3},"minecraft:killed":{"minecraft:spider":1,"minecraft:zombie":7,"minecraft:cow":1},"minecraft:dropped":{"minecraft:bread":7,"minecraft:minecart":1,"minecraft:poisonous_potato":1,"minecraft:feather":1,"minecraft:dirt":2,"minecraft:fire_charge":1,"minecraft:iron_leggings":2,"minecraft:iron_axe":9,"minecraft:string":1,"minecraft:beetroot_seeds":8},"minecraft:used":{"minecraft:beetroot":2,"minecraft:oak_fence":31,"minecraft:iron_shovel":205,"minecraft:flint_and_steel":5,"minecraft:chest":8,"minecraft:stone":19,"minecraft:bell":2,"minecraft:torch":55,"minecraft:dirt":25,"minecraft:lava_bucket":13,"minecraft:iron_axe":255,"minecraft:furnace":7,"minecraft:oak_sapling":3,"minecraft:minecart":25,"minecraft:potato":29,"minecraft:golden_axe":28,"minecraft:pointed_dripstone":5,"minecraft:baked_potato":16,"minecraft:composter":1,"minecraft:cauldron":14,"minecraft:fletching_table":3,"minecraft:sugar_cane":57,"minecraft:stonecutter":6,"minecraft:cobblestone_slab":103,"minecraft:sand":1,"minecraft:rail":209,"minecraft:oak_slab":89,"minecraft:crafting_table":3,"minecraft:blast_furnace":2,"minecraft:white_bed":6,"minecraft:oak_log":17,"minecraft:flower_pot":1,"minecraft:diamond_pickaxe":393,"minecraft:apple":12,"minecraft:bread":6,"minecraft:iron_pickaxe":501,"minecraft:cobblestone":40,"minecraft:grindstone":2,"minecraft:smithing_table":2,"minecraft:bucket":15,"minecraft:yellow_bed":1,"minecraft:oak_boat":1},"minecraft:crafted":{"minecraft:oak_planks":354,"minecraft:furnace":8,"minecraft:blast_furnace":1,"minecraft:stone":19,"minecraft:iron_boots":1,"minecraft:bow":1,"minecraft:iron_axe":11,"minecraft:chest":6,"minecraft:rail":16,"minecraft:minecart":11,"minecraft:oak_slab":90,"minecraft:emerald":81,"minecraft:cauldron":4,"minecraft:crafting_table":1,"minecraft:baked_potato":16,"minecraft:iron_helmet":2,"minecraft:smithing_table":2,"minecraft:bucket":1,"minecraft:birch_planks":68,"minecraft:bread":24,"minecraft:air":0,"minecraft:oak_boat":1,"minecraft:iron_chestplate":1,"minecraft:diamond_pickaxe":1,"minecraft:stick":480,"minecraft:iron_pickaxe":2,"minecraft:iron_shovel":1,"minecraft:iron_leggings":3,"minecraft:torch":56},"minecraft:killed_by":{"midnightlurker:midnight_lurker_unprovoked":1}},"DataVersion":3465}