{"stats":{"minecraft:mined":{"minecraft:white_bed":6,"minecraft:grass_block":44,"minecraft:composter":1,"minecraft:smooth_stone":8,"minecraft:iron_ore":2,"minecraft:fire":19,"minecraft:fletching_table":3,"minecraft:bell":3,"minecraft:pointed_dripstone":5,"minecraft:potted_dandelion":1,"minecraft:potatoes":2,"minecraft:vine":1,"minecraft:cobblestone_slab":17,"minecraft:dirt_path":5,"minecraft:rail":130,"minecraft:oak_stairs":2,"minecraft:stone":894,"minecraft:smithing_table":1,"minecraft:oak_slab":15,"minecraft:stone_brick_slab":23,"minecraft:crafting_table":2,"minecraft:oak_fence":31,"minecraft:cornflower":1,"minecraft:torch":3,"minecraft:chest":2,"minecraft:copper_ore":4,"minecraft:glass":1,"minecraft:cobblestone":54,"minecraft:tall_grass":3,"minecraft:grindstone":1,"minecraft:sugar_cane":170,"minecraft:diorite":108,"minecraft:wall_torch":5,"minecraft:cauldron":9,"minecraft:birch_log":17,"minecraft:wheat":1,"minecraft:lava_cauldron":1,"minecraft:yellow_bed":1,"minecraft:grass":9,"minecraft:coal_ore":24,"minecraft:oak_log":169,"minecraft:beetroots":2,"minecraft:oak_fence_gate":3,"minecraft:loom":2,"minecraft:gravel":31,"minecraft:sand":1,"minecraft:dirt":166,"minecraft:stonecutter":6,"minecraft:oak_leaves":2},"minecraft:custom":{"minecraft:interact_with_smithing_table":6,"minecraft:mob_kills":10,"minecraft:interact_with_anvil":2,"minecraft:interact_with_crafting_table":40,"minecraft:open_barrel":3,"minecraft:fill_cauldron":2,"minecraft:leave_game":3,"minecraft:time_since_death":46316,"minecraft:climb_one_cm":1684,"minecraft:sprint_one_cm":639711,"minecraft:walk_one_cm":657423,"minecraft:drop":72,"minecraft:talked_to_villager":145,"minecraft:play_time":268719,"minecraft:deaths":2,"minecraft:sneak_time":6248,"minecraft:walk_under_water_one_cm":13346,"minecraft:boat_one_cm":338079,"minecraft:jump":2595,"minecraft:interact_with_blast_furnace":3,"minecraft:walk_on_water_one_cm":18498,"minecraft:total_world_time":268719,"minecraft:interact_with_furnace":25,"minecraft:traded_with_villager":257,"minecraft:pot_flower":1,"minecraft:interact_with_stonecutter":6,"minecraft:sleep_in_bed":8,"minecraft:time_since_rest":11585,"minecraft:damage_taken":1330,"minecraft:minecart_one_cm":89,"minecraft:damage_dealt":1582,"minecraft:swim_one_cm":56950,"minecraft:fly_one_cm":620666,"minecraft:open_chest":111,"minecraft:crouch_one_cm":14230,"minecraft:use_cauldron":17,"minecraft:fall_one_cm":37953},"minecraft:broken":{"minecraft:golden_axe":1,"minecraft:iron_axe":1,"minecraft:iron_pickaxe":2},"minecraft:picked_up":{"minecraft:crafting_table":2,"minecraft:flower_pot":1,"minecraft:smithing_table":1,"minecraft:cornflower":1,"minecraft:string":2,"minecraft:raw_copper":10,"minecraft:iron_axe":1,"minecraft:iron_shovel":1,"minecraft:beetroot":2,"minecraft:smooth_stone":7,"minecraft:beef":3,"minecraft:oak_boat":1,"minecraft:cobblestone_slab":17,"minecraft:minecart":15,"minecraft:sugar_cane":165,"minecraft:chest":2,"minecraft:stick":2,"minecraft:raw_iron":2,"minecraft:composter":1,"minecraft:oak_fence":31,"minecraft:torch":21,"minecraft:fire_charge":1,"minecraft:pointed_dripstone":5,"minecraft:diorite":108,"minecraft:cauldron":10,"minecraft:rotten_flesh":9,"minecraft:beetroot_seeds":12,"minecraft:cobblestone":852,"minecraft:rail":128,"minecraft:birch_log":17,"minecraft:feather":1,"minecraft:leather":2,"minecraft:potato":18,"minecraft:flint":4,"minecraft:oak_log":168,"minecraft:yellow_bed":1,"minecraft:dirt":201,"minecraft:bow":2,"minecraft:apple":12,"minecraft:stonecutter":6,"minecraft:wheat_seeds":1,"minecraft:oak_fence_gate":3,"minecraft:grindstone":1,"minecraft:bell":3,"minecraft:fletching_table":3,"minecraft:stone_hoe":7,"minecraft:oak_slab":15,"minecraft:stone_brick_slab":24,"minecraft:dandelion":1,"minecraft:gravel":23,"minecraft:sand":1,"minecraft:white_bed":5,"minecraft:bread":6,"minecraft:oak_sapling":3,"minecraft:coal":24},"minecraft:killed":{"minecraft:spider":1,"minecraft:zombie":7,"minecraft:cow":1},"minecraft:dropped":{"minecraft:stone_hoe":27,"minecraft:bread":7,"minecraft:wheat_seeds":1,"minecraft:minecart":1,"minecraft:poisonous_potato":2,"minecraft:feather":1,"minecraft:dirt":2,"minecraft:fire_charge":1,"minecraft:iron_leggings":12,"minecraft:iron_axe":9,"minecraft:string":2,"minecraft:rotten_flesh":9,"minecraft:beetroot_seeds":12,"minecraft:bow":3},"minecraft:used":{"minecraft:oak_trapdoor":1,"minecraft:beetroot":2,"minecraft:oak_fence":31,"minecraft:iron_shovel":205,"minecraft:flint_and_steel":19,"minecraft:chest":8,"minecraft:stone":31,"minecraft:bell":2,"minecraft:stone_hoe":1,"minecraft:torch":85,"minecraft:dirt":34,"minecraft:stone_brick_slab":152,"minecraft:lava_bucket":19,"minecraft:iron_axe":267,"minecraft:barrel":3,"minecraft:oak_sapling":3,"minecraft:furnace":7,"minecraft:minecart":25,"minecraft:potato":30,"minecraft:golden_axe":28,"minecraft:pointed_dripstone":5,"minecraft:baked_potato":16,"minecraft:cauldron":14,"minecraft:cobblestone_slab":103,"minecraft:composter":1,"minecraft:fletching_table":3,"minecraft:stonecutter":6,"minecraft:sugar_cane":57,"minecraft:sand":1,"minecraft:rail":209,"minecraft:blast_furnace":2,"minecraft:oak_slab":106,"minecraft:crafting_table":3,"minecraft:white_bed":6,"minecraft:oak_log":33,"minecraft:flower_pot":1,"minecraft:diamond_pickaxe":788,"minecraft:apple":12,"minecraft:diamond_shovel":24,"minecraft:iron_pickaxe":501,"minecraft:bread":12,"minecraft:cobblestone":59,"minecraft:grindstone":2,"minecraft:smithing_table":4,"minecraft:bucket":21,"minecraft:yellow_bed":1,"minecraft:oak_boat":2},"minecraft:crafted":{"minecraft:oak_planks":430,"minecraft:barrel":3,"minecraft:furnace":8,"minecraft:blast_furnace":1,"minecraft:stone":144,"minecraft:diamond_shovel":2,"minecraft:bow":4,"minecraft:iron_boots":1,"minecraft:iron_axe":11,"minecraft:chest":6,"minecraft:rail":16,"minecraft:stone_hoe":20,"minecraft:minecart":11,"minecraft:oak_slab":150,"minecraft:emerald":204,"minecraft:cauldron":4,"minecraft:crafting_table":1,"minecraft:baked_potato":16,"minecraft:iron_helmet":2,"minecraft:smithing_table":3,"minecraft:birch_planks":68,"minecraft:bucket":1,"minecraft:bread":24,"minecraft:air":0,"minecraft:oak_boat":1,"minecraft:iron_chestplate":1,"minecraft:diamond_pickaxe":1,"minecraft:stick":600,"minecraft:iron_pickaxe":2,"minecraft:iron_shovel":1,"minecraft:iron_leggings":13,"minecraft:torch":68},"minecraft:killed_by":{"midnightlurker:midnight_lurker_unprovoked":2}},"DataVersion":3465}